{"Mumbai": [19.054999, 72.8692035], "Delhi": [28.6138954, 77.2090057], "Bengaluru": [12.9767936, 77.590082], "Hyderabad": [17.360589, 78.4740613], "Chennai": [13.0836939, 80.270186], "Kolkata": [22.5726459, 88.3638953], "Pune": [18.5213738, 73.8545071], "Ahmedabad": [23.0215374, 72.5800568], "Jaipur": [26.9154576, 75.8189817], "Surat": [21.2094892, 72.8317058], "New York": [40.7127281, -74.0060152], "Los Angeles": [34.0536909, -118.242766], "Toronto": [43.6534817, -79.3839347], "Mexico City": [19.3207722, -99.1514678], "London": [51.5074456, -0.1277653], "Paris": [48.8534951, 2.3483915], "Berlin": [52.5173885, 13.3951309], "Madrid": [40.416782, -3.703507], "Rome": [41.8933203, 12.4829321], "Tokyo": [35.6768601, 139.7638947], "Beijing": [39.9057136, 116.3912972], "Shanghai": [31.2312707, 121.4700152], "Singapore": [1.357107, 103.8194992], "Dubai": [25.0742823, 55.1885387], "Seoul": [37.5666791, 126.9782914], "Sydney": [-33.8698439, 151.2082848], "Melbourne": [-37.8142454, 144.9631732], "Cairo": [37.0057958, -89.1772449], "Lagos": [6.4550575, 3.3941795], "Johannesburg": [-26.205, 28.049722], "S\u00e3o Paulo": [-23.5506507, -46.6333824], "Buenos Aires": [-34.6095579, -58.3887904], "Santiago": [9.8694792, -83.7980749]}